{"data_time": 0.10143084449919115, "eta_seconds": 7006.065044486459, "fast_rcnn/cls_accuracy": 0.151171875, "fast_rcnn/false_negative": 0.07452112306481239, "fast_rcnn/fg_cls_accuracy": 0.0, "iteration": 19, "loss_box_reg": 0.19402576982975006, "loss_cls": 2.6157944202423096, "loss_mask": 0.6914808452129364, "loss_rpn_cls": 0.11851060390472412, "loss_rpn_loc": 0.024201112799346447, "lr": 1.9981e-05, "mask_rcnn/accuracy": 0.5284382140887243, "mask_rcnn/false_negative": 0.976229856789369, "mask_rcnn/false_positive": 0.011586933756726755, "roi_head/num_bg_samples": 241.2, "roi_head/num_fg_samples": 14.8, "rpn/num_neg_anchors": 246.6, "rpn/num_pos_anchors": 9.4, "time": 0.7020105254996452, "timetest": 12.0, "total_loss": 3.6724889273755252}
{"eta_seconds": 7197.088568268739, "fast_rcnn/cls_accuracy": 0.93359375, "fast_rcnn/false_negative": 0.9684640522875817, "fast_rcnn/fg_cls_accuracy": 0.0, "iteration": 38, "roi_head/num_bg_samples": 242.6, "roi_head/num_fg_samples": 13.4, "rpn/num_neg_anchors": 244.2, "rpn/num_pos_anchors": 11.8}
{"data_time": 0.14529420450071484, "iteration": 37, "loss_box_reg": 0.18808875977993011, "loss_cls": 1.6871271133422852, "loss_mask": 0.6784565150737762, "loss_rpn_cls": 0.15628744661808014, "loss_rpn_loc": 0.03596636466681957, "lr": 3.7962999999999996e-05, "mask_rcnn/accuracy": 0.7825203111135759, "mask_rcnn/false_negative": 0.41022755334574534, "mask_rcnn/false_positive": 0.06535272021685373, "time": 0.7476627070000177, "timetest": 12.0, "total_loss": 2.945072947535664}
{"fast_rcnn/cls_accuracy": 0.001953125, "fast_rcnn/false_negative": 0.0, "fast_rcnn/fg_cls_accuracy": 0.04081632653061224, "iteration": 1, "mask_rcnn/accuracy": 0.5877102442780624, "mask_rcnn/false_negative": 0.14754222717029689, "mask_rcnn/false_positive": 0.6042897974223191, "roi_head/num_bg_samples": 246.8, "roi_head/num_fg_samples": 9.2, "rpn/num_neg_anchors": 250.2, "rpn/num_pos_anchors": 5.8}
{"data_time": 0.4013514979997126, "iteration": 0, "loss_box_reg": 0.1228695884346962, "loss_cls": 2.868284225463867, "loss_mask": 0.6904684901237488, "loss_rpn_cls": 0.12844160199165344, "loss_rpn_loc": 0.027216343209147453, "lr": 1e-06, "timetest": 12.0, "total_loss": 3.837280249223113}
{"data_time": 0.07518410600096104, "fast_rcnn/cls_accuracy": 0.00859375, "fast_rcnn/false_negative": 0.0, "fast_rcnn/fg_cls_accuracy": 0.18421052631578946, "iteration": 2, "loss_box_reg": 0.20263607800006866, "loss_cls": 2.9748666286468506, "loss_mask": 0.6915873885154724, "loss_rpn_cls": 0.08466186374425888, "loss_rpn_loc": 0.029324758797883987, "lr": 2.998e-06, "mask_rcnn/accuracy": 0.5260568513119533, "mask_rcnn/false_negative": 0.9234780253267421, "mask_rcnn/false_positive": 0.14153716186486914, "roi_head/num_bg_samples": 242.0, "roi_head/num_fg_samples": 14.0, "rpn/num_neg_anchors": 243.4, "rpn/num_pos_anchors": 12.6, "time": 0.65266303899989, "timetest": 12.0, "total_loss": 4.037283539772034}
{"eta_seconds": 6524.0197378429, "iteration": 3}
